id,road_team,home_team,total_game_minutes,road_team_final_score,home_team_final_score,road_team_rest,home_team_rest
21700001,Boston,Cleveland,240,99,102,3+,3+
21700002,Houston,Golden State,240,122,121,3+,3+
21700003,Charlotte,Detroit,240,90,102,3+,3+
21700004,Brooklyn,Indiana,240,131,140,3+,3+
21700005,Miami,Orlando,240,109,116,3+,3+
21700006,Philadelphia,Washington,240,115,120,3+,3+
21700007,Milwaukee,Boston,240,108,100,3+,B2B
21700008,New Orleans,Memphis,240,91,103,3+,3+
21700009,Atlanta,Dallas,240,117,111,3+,3+
21700010,Denver,Utah,240,96,106,3+,3+
21700011,Minnesota,San Antonio,240,99,107,3+,3+
21700012,Portland,Phoenix,240,124,76,3+,3+
21700013,Houston,Sacramento,240,105,100,B2B,3+
21700014,Chicago,Toronto,240,100,117,3+,3+
21700015,New York,Oklahoma City,240,84,105,3+,3+
21700016,LA Clippers,LA Lakers,240,108,92,3+,3+
21700017,Atlanta,Charlotte,240,91,109,1,1
21700018,Portland,Indiana,240,114,96,1,1
21700019,Boston,Philadelphia,240,102,92,3IN4,1
21700020,Detroit,Washington,240,111,115,1,1
21700021,Cleveland,Milwaukee,240,116,97,2,1
21700022,Orlando,Brooklyn,240,121,126,1,1
21700023,Utah,Minnesota,240,97,100,1,1
21700024,Sacramento,Dallas,240,93,88,1,1
21700025,Golden State,New Orleans,239.83,128,120,2,1
21700026,LA Lakers,Phoenix,240,132,130,B2B,1
21700027,Philadelphia,Toronto,240,94,128,3IN4-B2B,1
21700028,Orlando,Cleveland,240,114,93,3IN4-B2B,B2B
21700029,Indiana,Miami,240,108,112,3IN4-B2B,2
21700030,Detroit,New York,240,111,107,3IN4-B2B,1
21700031,San Antonio,Chicago,240,87,77,2,1
21700032,Dallas,Houston,240,91,107,3IN4-B2B,2
21700033,Golden State,Memphis,240,101,111,B2B,2
21700034,Portland,Milwaukee,240,110,113,3IN4-B2B,3IN4-B2B
21700035,Sacramento,Denver,240,79,96,3IN4-B2B,2
21700036,Oklahoma City,Utah,240,87,96,1,3IN4-B2B
21700037,Phoenix,LA Clippers,240,88,130,3IN4-B2B,1
21700038,Atlanta,Brooklyn,240,104,116,1,1
21700039,Minnesota,Oklahoma City,240,115,113,1,3IN4-B2B
21700040,New Orleans,LA Lakers,240,119,112,1,3IN4
21700041,Philadelphia,Detroit,240,97,86,3IN4,3IN4
21700042,Atlanta,Miami,240,93,104,3IN4-B2B,1
21700043,Memphis,Houston,240,98,90,1,1
21700044,Charlotte,Milwaukee,240,94,103,2,3IN4
21700045,Golden State,Dallas,240,133,103,3IN4,3IN4
21700046,Toronto,San Antonio,240,97,101,1,1
21700047,Washington,Denver,240,109,104,2,1
21700048,Sacramento,Phoenix,240,115,117,3IN4,3IN4
21700049,Chicago,Cleveland,240,112,119,2,2
21700050,Brooklyn,Orlando,240,121,125,1,2
21700051,New York,Boston,240,89,110,2,3+
21700052,Indiana,Minnesota,240,130,107,2,1
21700053,New Orleans,Portland,240,93,103,1,2
21700054,Utah,LA Clippers,240,84,102,2,2
21700055,Denver,Charlotte,240,93,110,1,1
21700056,Minnesota,Detroit,240,101,122,3IN4-B2B,1
21700057,Houston,Philadelphia,240,105,104,1,1
21700058,Cleveland,Brooklyn,240,107,112,B2B,3IN4-B2B
21700059,San Antonio,Miami,240,117,100,1,1
21700060,Indiana,Oklahoma City,240,96,114,B2B,2
21700061,Memphis,Dallas,240,94,103,1,1
21700062,Utah,Phoenix,240,88,97,B2B,1
21700063,Toronto,Golden State,240,112,117,1,1
21700064,Washington,LA Lakers,265,99,102,1,2
21700065,Atlanta,Chicago,240,86,91,2,1
21700066,Dallas,Memphis,240,91,96,3IN4-B2B,3IN4-B2B
21700067,Boston,Milwaukee,240,96,89,1,2
21700068,LA Clippers,Portland,240,104,103,1,1
21700069,New Orleans,Sacramento,240,114,106,1,2
21700070,Houston,Charlotte,240,109,93,1,1
21700071,San Antonio,Orlando,240,87,114,1,2
21700072,Denver,Atlanta,240,105,100,1,B2B
21700073,Brooklyn,New York,240,86,107,3IN4,2
21700074,Oklahoma City,Minnesota,240,116,119,1,3IN4
21700075,Washington,Golden State,240,117,120,1,1
21700076,Toronto,LA Lakers,240,101,92,1,1
21700077,Cleveland,New Orleans,240,101,123,2,1
21700078,Boston,Miami,240,96,90,1,2
21700079,Oklahoma City,Chicago,240,101,69,3IN4-B2B,1
21700080,Houston,Memphis,240,89,103,3IN4-B2B,3IN4
21700081,Philadelphia,Dallas,240,112,110,2,3IN4
21700082,LA Lakers,Utah,240,81,96,3IN4-B2B,2
21700083,Phoenix,Portland,240,107,114,2,1
21700084,Detroit,LA Clippers,240,95,87,2,1
21700085,Milwaukee,Atlanta,240,117,106,2,3IN4
21700086,San Antonio,Indiana,240,94,97,1,3+
21700087,Denver,Brooklyn,240,124,111,1,1
21700088,Orlando,Charlotte,240,113,120,1,1
21700089,Washington,Sacramento,240,110,83,1,2
21700090,New York,Cleveland,240,114,95,1,B2B
21700091,Detroit,Golden State,240,115,107,B2B,1
21700092,San Antonio,Boston,240,94,108,3IN4-B2B,1
21700093,Minnesota,Miami,265,125,122,2,1
21700094,Denver,New York,240,110,116,3IN4-B2B,3IN4-B2B
21700095,Philadelphia,Houston,240,115,107,1,3IN4
21700096,Charlotte,Memphis,240,104,99,3IN4-B2B,1
21700097,Orlando,New Orleans,240,115,99,3IN4-B2B,1
21700098,Dallas,Utah,240,89,104,1,1
21700099,Toronto,Portland,240,99,85,2,1
21700100,Golden State,LA Clippers,240,141,113,3IN4-B2B,1
21700101,Sacramento,Indiana,240,83,101,1,1
21700102,Phoenix,Brooklyn,240,122,114,2,1
21700103,Oklahoma City,Milwaukee,240,110,91,2,1
21700104,Detroit,LA Lakers,240,93,113,3IN4,2
21700105,Milwaukee,Charlotte,240,121,126,3IN4-B2B,3IN4
21700106,Indiana,Cleveland,240,124,107,3IN4-B2B,2
21700107,Atlanta,Philadelphia,240,109,119,2,1
21700108,Phoenix,Washington,240,122,116,B2B,2
21700109,Sacramento,Boston,240,86,113,3IN4-B2B,1
21700110,Chicago,Miami,240,91,97,3+,1
21700111,Houston,New York,240,119,97,1,3IN4
21700112,Orlando,Memphis,240,101,99,3IN4,1
21700113,Minnesota,New Orleans,240,104,98,1,1
21700114,Toronto,Denver,240,111,129,1,3IN4
21700115,Portland,Utah,265,103,112,1,1
21700116,Dallas,LA Clippers,240,98,119,1,1
21700117,Golden State,San Antonio,240,112,92,2,2
21700118,LA Lakers,Portland,240,110,113,1,3IN4-B2B
21700119,Milwaukee,Detroit,240,96,105,3IN4,2
21700120,Chicago,Orlando,240,105,83,1,1
21700121,Indiana,Philadelphia,240,110,121,3IN4,1
21700122,Cleveland,Washington,240,130,122,1,1
21700123,Houston,Atlanta,240,119,104,1,1
21700124,Phoenix,New York,240,107,120,3IN4,1
21700125,New Orleans,Dallas,240,99,94,1,1
21700126,Charlotte,San Antonio,240,101,108,1,B2B
21700127,Miami,Denver,240,94,95,1,1
21700128,Toronto,Utah,240,109,100,1,1
21700129,Boston,Oklahoma City,240,101,94,1,2
21700130,Brooklyn,LA Lakers,240,112,124,2,3IN4-B2B
21700131,Memphis,LA Clippers,240,113,104,2,2
21700132,Sacramento,Detroit,240,99,108,2,B2B
21700133,New Orleans,Chicago,265,96,90,3IN4-B2B,3IN4-B2B
21700134,Dallas,Minnesota,240,99,112,3IN4-B2B,2
21700135,Golden State,Denver,240,127,108,1,3IN4-B2B
21700136,Atlanta,Cleveland,240,117,115,1,1
21700137,Miami,LA Clippers,240,104,101,1,B2B
21700138,Boston,Orlando,240,104,88,1,1
21700139,Washington,Toronto,240,107,96,1,1
21700140,Utah,Houston,240,110,137,1,1
21700141,Phoenix,San Antonio,240,95,112,1,3IN4
21700142,Indiana,New York,240,101,108,1,1
21700143,Charlotte,Minnesota,240,94,112,1,B2B
21700144,Oklahoma City,Portland,240,99,103,1,2
21700145,Memphis,LA Lakers,240,102,107,B2B,3IN4
21700146,Boston,Atlanta,240,110,107,3IN4-B2B,3IN4-B2B
21700147,Brooklyn,Phoenix,240,98,92,2,3IN4-B2B
21700148,Miami,Golden State,240,80,97,3IN4-B2B,1
21700149,Milwaukee,Cleveland,240,119,124,3+,1
21700150,New Orleans,Indiana,240,117,112,2,1
21700151,Dallas,Washington,240,113,99,2,1
21700152,Charlotte,New York,240,113,118,1,1
21700153,Chicago,Toronto,240,114,119,2,1
21700154,LA Clippers,San Antonio,240,107,120,3IN4,1
21700155,Brooklyn,Denver,240,104,112,B2B,2
21700156,Philadelphia,Utah,240,104,97,3+,1
21700157,Memphis,Portland,240,98,97,3IN4,1
21700158,Oklahoma City,Sacramento,240,86,94,1,2
21700159,Indiana,Detroit,240,97,114,3IN4-B2B,3+
21700160,New York,Orlando,240,99,112,3IN4-B2B,2
21700161,LA Lakers,Boston,240,96,107,2,3IN4
21700162,Miami,Phoenix,240,126,115,3IN4,3IN4
21700163,Minnesota,Golden State,240,101,125,2,1
21700164,LA Lakers,Washington,240,95,111,B2B,1
21700165,New Orleans,Toronto,240,118,122,1,1
21700166,Cleveland,Houston,240,113,117,1,3+
21700167,Philadelphia,Sacramento,240,108,109,1,1
21700168,Oklahoma City,Denver,240,94,102,1,1
21700169,Atlanta,Detroit,240,104,111,3+,1
21700170,Charlotte,Boston,240,87,90,2,1
21700171,Indiana,Chicago,240,105,87,3IN4,2
21700172,LA Clippers,Oklahoma City,240,111,120,2,3IN4-B2B
21700173,Milwaukee,San Antonio,240,94,87,2,2
21700174,Orlando,Phoenix,240,128,112,1,1
21700175,Miami,Utah,240,84,74,1,2
21700176,Brooklyn,Portland,240,101,97,2,2
21700177,Atlanta,Washington,240,94,113,B2B,1
21700178,LA Clippers,New Orleans,240,103,111,B2B,1
21700179,Sacramento,New York,240,91,118,1,2
21700180,Memphis,Houston,240,96,111,3+,1
21700181,Cleveland,Dallas,240,111,104,1,3+
21700182,LA Lakers,Milwaukee,240,90,98,3IN4,B2B
21700183,Chicago,San Antonio,240,94,133,B2B,B2B
21700184,Philadelphia,Golden State,240,114,135,1,2
21700185,Orlando,Denver,240,107,125,3IN4-B2B,1
21700186,Minnesota,Phoenix,240,110,118,2,3IN4-B2B
21700187,Brooklyn,Utah,239.33,106,114,B2B,B2B
21700188,Toronto,Boston,240,94,95,2,1
21700189,Miami,Detroit,240,103,112,1,1
21700190,Houston,Indiana,240,118,95,3IN4-B2B,1
21700191,Dallas,Oklahoma City,240,99,112,B2B,3IN4
21700192,Sacramento,Washington,240,92,110,1,1
21700193,Cleveland,New York,240,104,101,1,1
21700194,Memphis,Milwaukee,240,103,110,1,3IN4
21700195,Atlanta,New Orleans,240,105,106,3IN4,1
21700196,LA Lakers,Phoenix,240,100,93,1,3IN4
21700197,Minnesota,Utah,240,109,98,1,3IN4
21700198,Denver,Portland,240,82,99,1,2
21700199,Orlando,Golden State,240,100,110,3IN4,1
21700200,Philadelphia,LA Clippers,240,109,105,1,3IN4
21700201,Boston,Brooklyn,240,109,102,1,2
21700202,Toronto,Houston,240,129,113,1,3IN4
21700203,San Antonio,Dallas,240,97,91,2,3IN4
21700204,Sacramento,Atlanta,240,80,126,1,1
21700205,Washington,Miami,240,102,93,1,2
21700206,Utah,New York,240,101,106,1,1
21700207,Cleveland,Charlotte,240,115,107,1,3+
21700208,Indiana,Memphis,240,116,113,2,1
21700209,Detroit,Milwaukee,240,95,99,2,1
21700210,San Antonio,Minnesota,240,86,98,B2B,1
21700211,Toronto,New Orleans,240,125,116,3IN4-B2B,1
21700212,Chicago,Oklahoma City,240,79,92,3+,2
21700213,Orlando,Portland,240,94,99,1,1
21700214,Philadelphia,LA Lakers,240,115,109,1,1
21700215,Golden State,Boston,240,88,92,2,1
21700216,Houston,Phoenix,240,142,116,1,2
21700217,Detroit,Indiana,240,100,107,1,1
21700218,Miami,Washington,240,91,88,1,1
21700219,Utah,Brooklyn,240,107,118,1,2
21700220,LA Clippers,Cleveland,265,113,118,3+,1
21700221,New York,Toronto,240,84,107,1,3IN4
21700222,Charlotte,Chicago,240,120,123,1,1
21700223,Oklahoma City,San Antonio,240,101,104,1,3IN4
21700224,Minnesota,Dallas,240,111,87,1,2
21700225,Portland,Sacramento,240,82,86,1,1
21700226,New Orleans,Denver,240,114,146,1,3+
21700227,Phoenix,LA Lakers,240,122,113,B2B,1
21700228,LA Clippers,Charlotte,240,87,102,B2B,3IN4-B2B
21700229,Utah,Orlando,240,125,85,3IN4-B2B,2
21700230,Boston,Atlanta,240,110,99,1,2
21700231,Golden State,Philadelphia,240,124,116,1,2
21700232,Houston,Memphis,240,105,83,1,2
21700233,Milwaukee,Dallas,240,79,111,2,B2B
21700234,Sacramento,Portland,240,90,102,3IN4-B2B,3IN4-B2B
21700235,Indiana,Miami,240,120,95,1,1
21700236,Golden State,Brooklyn,240,118,111,3IN4-B2B,1
21700237,Washington,Toronto,240,91,100,1,1
21700238,Detroit,Minnesota,240,100,97,1,1
21700239,Chicago,Phoenix,240,105,113,1,3IN4
21700240,Denver,LA Lakers,240,109,127,1,1
21700241,Minnesota,Charlotte,240,102,118,3IN4-B2B,3IN4
21700242,Cleveland,Detroit,240,116,88,2,3IN4-B2B
21700243,Indiana,Orlando,240,105,97,3IN4-B2B,1
21700244,Utah,Philadelphia,240,86,107,3IN4,1
21700245,LA Clippers,New York,240,85,107,3IN4,2
21700246,Portland,Memphis,240,100,92,3IN4,1
21700247,Washington,Milwaukee,240,99,88,3IN4-B2B,1
21700248,Oklahoma City,New Orleans,240,107,114,2,2
21700249,Boston,Dallas,265,110,102,1,3IN4
21700250,Atlanta,San Antonio,240,85,96,1,2
21700251,Denver,Sacramento,240,114,98,3IN4-B2B,3IN4
21700252,Chicago,LA Lakers,240,94,103,1,1
21700253,Washington,Charlotte,265,124,129,3IN4,1
21700254,Brooklyn,Cleveland,240,109,119,2,1
21700255,Portland,Philadelphia,240,81,101,1,1
21700256,LA Clippers,Atlanta,240,116,103,1,1
21700257,Boston,Miami,240,98,104,1,2
21700258,Toronto,New York,240,100,108,2,1
21700259,Denver,Houston,240,95,125,3IN4,3+
21700260,Dallas,Memphis,240,95,94,1,1
21700261,Orlando,Minnesota,240,118,124,1,3IN4
21700262,San Antonio,New Orleans,240,90,107,1,1
21700263,Golden State,Oklahoma City,240,91,108,2,1
21700264,Milwaukee,Phoenix,265,113,107,1,2
21700265,Chicago,Utah,240,80,110,3IN4-B2B,1
21700266,LA Lakers,Sacramento,240,102,113,3IN4-B2B,1
21700267,Portland,Brooklyn,240,127,125,1,1
21700268,New York,Atlanta,240,104,116,1,1
21700269,Orlando,Boston,240,103,118,1,1
21700270,Charlotte,Cleveland,240,99,100,1,1
21700271,Toronto,Indiana,240,104,107,1,3+
21700272,Miami,Minnesota,240,109,97,1,1
21700273,Detroit,Oklahoma City,240,99,98,3+,1
21700274,Memphis,Denver,240,92,104,1,1
21700275,New Orleans,Phoenix,240,115,91,1,1
21700276,Chicago,Golden State,240,94,143,3IN4,1
21700277,San Antonio,Charlotte,240,106,86,2,3IN4-B2B
21700278,Orlando,Philadelphia,240,111,130,3IN4-B2B,2
21700279,Portland,Washington,240,108,105,3IN4-B2B,2
21700280,Toronto,Atlanta,240,112,78,3IN4-B2B,3IN4-B2B
21700281,Boston,Indiana,240,108,98,3IN4-B2B,B2B
21700282,New York,Houston,240,102,117,3IN4-B2B,2
21700283,Oklahoma City,Dallas,240,81,97,3IN4-B2B,2
21700284,New Orleans,Golden State,240,95,110,3IN4-B2B,3IN4-B2B
21700285,Milwaukee,Utah,240,108,121,2,2
21700286,LA Clippers,Sacramento,240,97,95,2,2
21700287,Miami,Chicago,240,100,93,1,1
21700288,Phoenix,Minnesota,240,108,119,1,1
21700289,Brooklyn,Memphis,240,98,88,1,1
21700290,Orlando,Indiana,240,109,121,3IN4,3IN4
21700291,Cleveland,Philadelphia,240,113,91,2,1
21700292,Detroit,Boston,240,118,108,2,3IN4
21700293,Portland,New York,240,103,91,3IN4,3IN4
21700294,Brooklyn,Houston,240,103,117,3IN4-B2B,1
21700295,Dallas,San Antonio,240,108,115,1,1
21700296,Sacramento,Golden State,240,110,106,1,3IN4
21700297,LA Lakers,LA Clippers,240,115,120,3+,1
21700298,Miami,Cleveland,240,97,108,1,B2B
21700299,Phoenix,Chicago,240,104,99,1,1
21700300,Washington,Minnesota,240,92,89,2,1
21700301,Denver,Utah,240,77,106,3+,2
21700302,Milwaukee,Sacramento,240,112,87,2,3IN4-B2B
21700303,Phoenix,Detroit,240,107,131,3IN4-B2B,1
21700304,Oklahoma City,Orlando,240,108,121,3+,1
21700305,Washington,Philadelphia,240,113,118,B2B,1
21700306,Miami,New York,240,86,115,3IN4-B2B,1
21700307,Charlotte,Toronto,240,113,126,3+,3+
21700308,Indiana,Houston,240,97,118,1,1
21700309,Minnesota,New Orleans,240,120,102,3IN4-B2B,3+
21700310,Brooklyn,Dallas,240,109,104,3IN4,1
21700311,Memphis,San Antonio,240,95,104,2,1
21700312,Golden State,LA Lakers,265,127,123,1,1
21700313,Cleveland,Atlanta,240,121,114,3IN4,3+
21700314,Philadelphia,Boston,240,97,108,3IN4-B2B,2
21700315,Chicago,Denver,240,110,111,1,1
21700316,Milwaukee,Portland,240,103,91,1,2
21700317,Utah,LA Clippers,240,126,107,1,2
21700318,Golden State,Orlando,240,133,112,1,1
21700319,Indiana,Toronto,240,115,120,1,1
21700320,Detroit,Washington,240,91,109,1,3IN4
21700321,Charlotte,Miami,240,100,105,1,3IN4
21700322,Sacramento,Chicago,240,107,106,2,3IN4-B2B
21700323,San Antonio,Memphis,240,95,79,1,1
21700324,Minnesota,Oklahoma City,240,107,111,3IN4,1
21700325,New Orleans,Utah,240,108,114,1,3IN4-B2B
21700326,Phoenix,Boston,240,111,116,2,1
21700327,LA Clippers,Dallas,240,82,108,1,2
21700328,Atlanta,Brooklyn,240,114,102,1,2
21700329,Memphis,Cleveland,240,111,116,3IN4-B2B,1
21700330,Detroit,Philadelphia,240,103,108,3IN4-B2B,3IN4
21700331,Sacramento,Milwaukee,240,104,109,B2B,1
21700332,LA Lakers,Denver,240,100,115,2,1
21700333,New Orleans,Portland,240,123,116,3IN4-B2B,1
21700334,Orlando,New York,240,105,100,1,3+
21700335,Golden State,Miami,240,123,95,1,1
21700336,LA Clippers,Minnesota,240,106,112,3IN4-B2B,1
21700337,San Antonio,Oklahoma City,240,87,90,1,1
21700338,Houston,LA Lakers,240,118,95,3+,B2B
21700339,Orlando,Charlotte,240,94,104,3IN4-B2B,2
21700340,New York,Indiana,240,97,115,B2B,2
21700341,Phoenix,Philadelphia,240,115,101,1,1
21700342,Brooklyn,Atlanta,240,110,90,1,1
21700343,Milwaukee,Boston,240,100,111,1,1
21700344,Cleveland,Chicago,240,113,91,1,2
21700345,Minnesota,Memphis,240,92,95,3IN4-B2B,3IN4
21700346,Golden State,New Orleans,240,125,115,3IN4-B2B,3IN4
21700347,Denver,Dallas,240,105,122,1,1
21700348,Detroit,San Antonio,240,93,96,3IN4,3IN4-B2B
21700349,Washington,Utah,240,69,116,2,2
21700350,Phoenix,Toronto,240,113,126,3IN4-B2B,3+
21700351,Utah,Oklahoma City,240,94,100,B2B,1
21700352,Washington,Portland,240,106,92,B2B,2
21700353,Sacramento,Cleveland,240,95,101,3+,1
21700354,Chicago,Indiana,240,96,98,1,1
21700355,Atlanta,Orlando,265,106,110,1,3IN4
21700356,Dallas,Boston,240,90,97,1,1
21700357,Memphis,New York,240,88,99,1,3IN4
21700358,Golden State,Charlotte,240,101,87,3IN4,1
21700359,Detroit,Milwaukee,240,100,104,1,1
21700360,Denver,New Orleans,240,114,123,1,1
21700361,Miami,San Antonio,240,105,117,2,3IN4
21700362,Minnesota,LA Clippers,240,113,107,3IN4,2
21700363,LA Lakers,Philadelphia,240,107,104,3+,2
21700364,Washington,Phoenix,240,109,99,3IN4,3IN4
21700365,Oklahoma City,Brooklyn,240,95,100,1,2
21700366,Houston,Utah,240,112,101,3+,3IN4
21700367,Chicago,Charlotte,265,119,111,1,1
21700368,Golden State,Detroit,240,102,98,1,1
21700369,Cleveland,Indiana,240,102,106,1,1
21700370,Denver,Orlando,240,103,89,1,1
21700371,Toronto,Memphis,240,116,107,2,1
21700372,Dallas,Milwaukee,240,102,109,1,1
21700373,Sacramento,New Orleans,265,116,109,1,1
21700374,Boston,San Antonio,240,102,105,1,1
21700375,Washington,LA Clippers,240,112,113,1,2
21700376,Miami,Brooklyn,240,101,89,2,1
21700377,LA Lakers,Charlotte,240,110,99,1,3IN4-B2B
21700378,Orlando,Atlanta,240,110,117,3IN4-B2B,2
21700379,Philadelphia,Cleveland,240,98,105,1,3IN4-B2B
21700380,New York,Chicago,240,102,104,2,3IN4-B2B
21700381,Utah,Milwaukee,240,100,117,1,3IN4-B2B
21700382,Oklahoma City,Memphis,265,102,101,1,3IN4-B2B
21700383,San Antonio,Phoenix,240,104,101,3IN4-B2B,1
21700384,Houston,Portland,240,124,117,1,3+
21700385,Toronto,Sacramento,240,102,87,1,1
21700386,Boston,Detroit,240,91,81,1,1
21700387,Denver,Indiana,265,116,126,1,1
21700388,Dallas,Minnesota,240,92,97,1,3+
21700389,Philadelphia,New Orleans,240,124,131,3IN4-B2B,1
21700390,Atlanta,New York,240,107,111,B2B,B2B
21700391,Boston,Chicago,240,85,108,3IN4-B2B,3IN4
21700392,New Orleans,Houston,240,123,130,3IN4-B2B,1
21700393,Miami,Memphis,240,107,82,1,3IN4
21700394,Charlotte,Oklahoma City,240,116,103,3IN4,1
21700395,Portland,Golden State,240,104,111,1,2
21700396,Toronto,LA Clippers,240,91,96,3IN4-B2B,1
21700397,Atlanta,Cleveland,240,114,123,3IN4,2
21700398,Denver,Detroit,240,103,84,1,1
21700399,LA Lakers,New York,265,109,113,2,3IN4
21700400,Washington,Brooklyn,240,98,103,2,2
21700401,Philadelphia,Minnesota,265,118,112,3IN4,1
21700402,San Antonio,Dallas,240,89,95,2,1
21700403,Phoenix,Sacramento,240,92,99,2,1
21700404,Oklahoma City,Indiana,240,100,95,1,2
21700405,LA Clippers,Orlando,240,106,95,1,3+
21700406,Memphis,Washington,240,87,93,1,B2B
21700407,Denver,Boston,240,118,124,3IN4-B2B,3IN4
21700408,Portland,Miami,240,102,95,1,1
21700409,Utah,Chicago,240,100,103,3+,1
21700410,Milwaukee,New Orleans,240,108,115,3+,3IN4
21700411,Toronto,Phoenix,240,115,109,3IN4,B2B
21700412,Charlotte,Houston,240,96,108,1,1
21700413,Detroit,Atlanta,240,105,91,1,1
21700414,New York,Brooklyn,240,111,104,1,1
21700415,LA Lakers,Cleveland,240,112,121,1,1
21700416,Sacramento,Minnesota,240,96,119,1,1
21700417,Dallas,Golden State,240,97,112,1,2
21700418,Miami,Charlotte,240,104,98,1,1
21700419,Detroit,Indiana,240,104,98,3IN4-B2B,1
21700420,Portland,Orlando,240,95,88,1,1
21700421,Oklahoma City,Philadelphia,315,119,117,1,2
21700422,LA Clippers,Washington,240,91,100,1,3IN4
21700423,Utah,Boston,240,107,95,1,1
21700424,Brooklyn,Toronto,240,87,120,3IN4-B2B,1
21700425,Atlanta,Memphis,240,94,96,3IN4-B2B,1
21700426,Chicago,Milwaukee,240,115,109,1,1
21700427,New Orleans,Denver,265,111,117,1,3IN4
21700428,San Antonio,Houston,240,109,124,2,1
21700429,Portland,Charlotte,240,93,91,3IN4-B2B,3IN4-B2B
21700430,Utah,Cleveland,240,100,109,3IN4-B2B,1
21700431,Oklahoma City,New York,240,96,111,3IN4-B2B,1
21700432,LA Clippers,Miami,240,85,90,3IN4-B2B,3IN4-B2B
21700433,Milwaukee,Houston,240,111,115,3IN4-B2B,3IN4-B2B
21700434,Phoenix,Minnesota,240,108,106,2,1
21700435,Dallas,San Antonio,240,96,98,1,B2B
21700436,Boston,Memphis,240,102,93,3IN4-B2B,3IN4-B2B
21700437,Sacramento,Toronto,240,93,108,2,1
21700438,Orlando,Detroit,240,110,114,1,3IN4
21700439,Indiana,Brooklyn,240,109,97,1,3IN4
21700440,Cleveland,Washington,240,106,99,3IN4-B2B,1
21700441,New York,Charlotte,240,91,109,1,3IN4
21700442,Boston,Indiana,240,112,111,3IN4,3IN4-B2B
21700443,Miami,Atlanta,240,104,110,3IN4,2
21700444,Philadelphia,Chicago,240,115,117,2,2
21700445,Utah,Houston,240,99,120,3IN4,3IN4
21700446,Portland,Minnesota,240,107,108,3IN4,1
21700447,Denver,Oklahoma City,240,94,95,2,3IN4
21700448,Phoenix,Dallas,240,97,91,1,1
21700449,LA Clippers,San Antonio,240,91,109,3IN4,3IN4
21700450,Golden State,LA Lakers,265,116,114,3+,3+
21700451,Sacramento,Philadelphia,240,101,95,1,B2B
21700452,New Orleans,Washington,240,106,116,3+,1
21700453,Cleveland,Milwaukee,240,116,119,3IN4,2
21700454,Toronto,Charlotte,240,129,111,2,1
21700455,Indiana,Atlanta,240,105,95,3IN4,1
21700456,Miami,Boston,240,90,89,1,1
21700457,Sacramento,Brooklyn,240,104,99,3IN4-B2B,2
21700458,Orlando,Chicago,240,94,112,2,1
21700459,LA Lakers,Houston,240,122,116,1,1
21700460,Utah,Oklahoma City,240,79,107,1,1
21700461,Detroit,Dallas,240,93,110,2,1
21700462,Minnesota,Denver,240,112,104,1,1
21700463,San Antonio,Portland,240,93,91,1,1
21700464,Memphis,Golden State,240,84,97,3+,1
21700465,Phoenix,LA Clippers,240,95,108,1,1
21700466,Chicago,Cleveland,240,112,115,3IN4-B2B,1
21700467,Toronto,Philadelphia,240,114,109,B2B,3IN4
21700468,Boston,New York,240,93,102,3IN4-B2B,2
21700469,Memphis,Phoenix,240,95,97,B2B,3IN4-B2B
21700470,San Antonio,Utah,240,89,100,3IN4-B2B,3IN4-B2B
21700471,New York,Detroit,240,101,104,B2B,1
21700472,New Orleans,Orlando,240,111,97,2,1
21700473,Washington,Brooklyn,240,84,119,2,1
21700474,Dallas,Miami,240,101,113,1,1
21700475,LA Clippers,Houston,240,128,118,1,1
21700476,Charlotte,Milwaukee,240,104,109,1,2
21700477,Atlanta,Oklahoma City,240,117,120,1,1
21700478,Denver,Portland,240,102,85,1,1
21700479,LA Lakers,Golden State,240,106,113,1,1
21700480,Philadelphia,Toronto,240,86,102,1,3IN4
21700481,Milwaukee,Charlotte,240,106,111,B2B,3IN4-B2B
21700482,Brooklyn,Indiana,265,119,123,3IN4-B2B,2
21700483,Orlando,Washington,240,103,130,3IN4-B2B,B2B
21700484,Dallas,Atlanta,240,107,112,3IN4-B2B,3IN4-B2B
21700485,Chicago,Boston,240,92,117,3IN4,3IN4
21700486,New Orleans,Miami,240,109,94,B2B,3IN4-B2B
21700487,LA Clippers,Memphis,240,112,115,3IN4-B2B,3IN4
21700488,Oklahoma City,Utah,240,103,89,3IN4-B2B,3IN4
21700489,Denver,Golden State,240,96,81,3IN4-B2B,3IN4-B2B
21700490,Minnesota,Phoenix,240,115,106,2,3IN4
21700491,Portland,LA Lakers,240,95,92,3IN4-B2B,3IN4-B2B
21700492,San Antonio,Sacramento,240,108,99,3IN4,2
21700493,Philadelphia,New York,240,105,98,1,2
21700494,Cleveland,Golden State,240,92,99,3+,3IN4
21700495,Washington,Boston,240,111,103,3IN4,1
21700496,Houston,Oklahoma City,240,107,112,2,3IN4
21700497,Minnesota,LA Lakers,240,121,104,1,3IN4
21700498,Indiana,Detroit,240,83,107,2,3+
21700499,Toronto,Dallas,240,93,98,2,2
21700500,Orlando,Miami,240,89,107,2,2
21700501,Chicago,Milwaukee,240,115,106,2,2
21700502,Brooklyn,San Antonio,240,97,109,2,2
21700503,Utah,Denver,240,83,107,2,2
21700504,Memphis,Phoenix,240,97,99,2,2
21700505,Sacramento,LA Clippers,240,95,122,2,2
21700506,Boston,Charlotte,240,102,91,1,3+
21700507,Dallas,Indiana,240,98,94,B2B,B2B
21700508,Washington,Atlanta,240,99,113,1,3+
21700509,New York,Chicago,240,87,92,1,B2B
21700510,Denver,Minnesota,265,125,128,B2B,1
21700511,Brooklyn,New Orleans,240,113,128,B2B,3+
21700512,Toronto,Oklahoma City,240,107,124,B2B,1
21700513,Cleveland,Sacramento,240,95,109,1,B2B
21700514,Utah,Golden State,240,101,126,B2B,1
21700515,Memphis,LA Lakers,240,109,99,B2B,1
21700516,Detroit,Orlando,240,89,102,1,1
21700517,Houston,Boston,240,98,99,2,3IN4-B2B
21700518,Minnesota,Milwaukee,240,96,102,3IN4-B2B,1
21700519,New York,San Antonio,240,107,119,3IN4-B2B,1
21700520,Philadelphia,Portland,240,110,114,2,3+
21700521,Houston,Washington,240,103,121,B2B,1
21700522,Atlanta,Toronto,240,98,111,1,3IN4
21700523,Brooklyn,Miami,240,111,87,3IN4,2
21700524,Indiana,Chicago,240,107,119,3IN4,3IN4
21700525,Dallas,New Orleans,240,128,120,3IN4,1
21700526,Milwaukee,Oklahoma City,240,97,95,3IN4-B2B,1
21700527,Phoenix,Sacramento,240,111,101,2,3IN4
21700528,Charlotte,Golden State,240,111,100,1,1
21700529,LA Clippers,LA Lakers,240,121,106,2,1
21700530,San Antonio,Detroit,240,79,93,1,1
21700531,Miami,Orlando,240,117,111,B2B,1
21700532,New York,New Orleans,240,105,103,3IN4,3IN4-B2B
21700533,Portland,Atlanta,240,89,104,1,3IN4-B2B
21700534,Cleveland,Utah,240,101,104,2,2
21700535,Memphis,Golden State,240,128,141,2,3IN4-B2B
21700536,Philadelphia,Denver,240,107,102,1,2
21700537,Chicago,Washington,240,110,114,1,1
21700538,Minnesota,Indiana,240,107,90,2,1
21700539,Brooklyn,Boston,240,105,108,1,2
21700540,LA Lakers,Houston,290,142,148,1,3IN4
21700541,Dallas,Oklahoma City,240,116,113,1,1
21700542,Charlotte,LA Clippers,240,98,106,1,1
21700543,Memphis,Sacramento,240,114,96,B2B,1
21700544,Philadelphia,Phoenix,240,123,110,3IN4-B2B,1
21700545,Orlando,Brooklyn,240,95,98,1,3IN4-B2B
21700546,Milwaukee,Toronto,265,127,131,2,2
21700547,Portland,Chicago,265,124,120,1,3IN4-B2B
21700548,LA Lakers,Minnesota,240,96,114,3IN4-B2B,B2B
21700549,Portland,Cleveland,240,110,127,3IN4-B2B,2
21700550,San Antonio,New York,240,100,91,2,2
21700551,Atlanta,Phoenix,240,103,104,2,1
21700552,Charlotte,Sacramento,240,131,111,1,1
21700553,Memphis,LA Clippers,240,105,113,3IN4,1
21700554,Houston,Orlando,240,116,98,2,1
21700555,San Antonio,Philadelphia,240,106,112,B2B,2
21700556,New York,Washington,240,103,121,B2B,2
21700557,Minnesota,Brooklyn,240,97,98,3IN4,3IN4
21700558,Detroit,Miami,240,104,111,3+,3+
21700559,Cleveland,Boston,240,88,102,B2B,2
21700560,Toronto,Chicago,240,124,115,1,3IN4
21700561,Indiana,Milwaukee,240,101,122,2,1
21700562,Golden State,Dallas,240,125,122,3+,2
21700563,Phoenix,Denver,240,111,134,3IN4-B2B,3+
21700564,New Orleans,Utah,240,108,98,3+,3+
21700565,Oklahoma City,LA Lakers,240,133,96,2,3IN4
21700566,Golden State,Houston,240,124,114,B2B,B2B
21700567,Oklahoma City,LA Clippers,240,127,117,B2B,1
21700568,New York,Miami,265,103,107,3IN4,1
21700569,Detroit,Philadelphia,240,78,114,1,1
21700570,Minnesota,Boston,240,84,91,1,1
21700571,Toronto,Milwaukee,240,129,110,1,1
21700572,Chicago,Dallas,240,127,124,1,1
21700573,Phoenix,San Antonio,240,89,103,3IN4,3IN4
21700574,Utah,Denver,240,91,99,1,1
21700575,Washington,Memphis,240,102,100,1,2
21700576,Atlanta,Portland,240,89,110,2,2
21700577,Charlotte,LA Lakers,240,108,94,2,1
21700578,Golden State,LA Clippers,240,121,105,3IN4,1
21700579,Boston,Brooklyn,240,87,85,3IN4-B2B,2
21700580,Houston,Detroit,240,101,108,3IN4,3IN4-B2B
21700581,Chicago,Indiana,240,86,125,3IN4-B2B,2
21700582,Cleveland,Orlando,240,131,127,2,2
21700583,Milwaukee,Washington,240,110,103,3IN4-B2B,3IN4-B2B
21700584,New Orleans,Minnesota,240,98,116,2,3IN4-B2B
21700585,Denver,Sacramento,240,98,106,3IN4-B2B,3+
21700586,Utah,Miami,240,102,103,1,1
21700587,New York,Dallas,240,100,96,1,1
21700588,Oklahoma City,Phoenix,240,100,114,2,1
21700589,San Antonio,Portland,240,110,111,1,1
21700590,Atlanta,LA Lakers,240,113,132,1,1
21700591,Milwaukee,Indiana,240,96,109,3IN4,1
21700592,Toronto,Brooklyn,265,114,113,2,1
21700593,Houston,Chicago,240,116,107,1,3IN4
21700594,Cleveland,Minnesota,240,99,127,1,3IN4
21700595,Detroit,New Orleans,240,109,112,3IN4,1
21700596,San Antonio,Sacramento,240,107,100,3IN4-B2B,1
21700597,Denver,Golden State,240,114,124,3IN4,1
21700598,Atlanta,LA Clippers,240,107,108,3IN4-B2B,1
21700599,Miami,Toronto,240,90,89,1,B2B
21700600,Portland,Oklahoma City,240,117,106,1,1
21700601,Orlando,Dallas,240,99,114,2,1
21700602,Sacramento,LA Lakers,240,86,99,3IN4-B2B,1
21700603,Dallas,Charlotte,240,115,111,3IN4-B2B,3+
21700604,Miami,Indiana,240,114,106,3IN4-B2B,1
21700605,Utah,Washington,240,107,104,2,3+
21700606,Detroit,Brooklyn,240,114,80,1,1
21700607,Chicago,New York,290,122,119,1,2
21700608,Portland,Houston,240,112,121,3IN4-B2B,1
21700609,New Orleans,Memphis,240,102,105,1,3+
21700610,Orlando,Milwaukee,240,103,110,B2B,1
21700611,Oklahoma City,Minnesota,240,88,104,3IN4-B2B,1
21700612,Atlanta,Denver,240,110,97,3IN4,1
21700613,LA Clippers,Golden State,240,125,106,1,1
21700614,Boston,Philadelphia,240,114,103,3+,3+
21700615,Cleveland,Toronto,240,99,133,2,3IN4
21700616,LA Clippers,Sacramento,240,121,115,3IN4-B2B,3IN4
21700617,San Antonio,LA Lakers,240,81,93,2,1
21700618,Utah,Charlotte,240,88,99,1,1
21700619,Cleveland,Indiana,240,95,97,B2B,1
21700620,Orlando,Washington,240,119,125,3IN4,1
21700621,Brooklyn,Atlanta,240,110,105,1,1
21700622,Golden State,Milwaukee,240,108,94,1,1
21700623,New York,Minnesota,240,108,118,1,1
21700624,Portland,New Orleans,240,113,119,3IN4,1
21700625,Memphis,Denver,240,78,87,1,1
21700626,Houston,Phoenix,240,112,95,1,3+
21700627,LA Lakers,Dallas,265,107,101,1,2
21700628,Sacramento,LA Clippers,240,105,126,1,3IN4
21700629,Oklahoma City,Charlotte,240,101,91,2,3IN4-B2B
21700630,Brooklyn,Washington,265,113,119,3IN4-B2B,3IN4-B2B
21700631,Golden State,Toronto,240,127,125,3IN4-B2B,1
21700632,Detroit,Chicago,240,105,107,2,2
21700633,Denver,San Antonio,240,80,112,3IN4-B2B,1
21700634,Milwaukee,Miami,240,79,97,1,3+
21700635,New Orleans,New York,265,123,118,1,1
21700636,Indiana,Phoenix,240,120,97,1,1
21700637,Portland,Minnesota,240,103,120,1,1
21700638,Charlotte,Detroit,240,118,107,3IN4,1
21700639,Toronto,Philadelphia,240,111,117,1,3+
21700640,Milwaukee,Washington,240,104,95,3IN4-B2B,3IN4
21700641,San Antonio,Atlanta,240,99,102,1,2
21700642,New York,Brooklyn,240,119,104,3IN4-B2B,3IN4
21700643,Sacramento,Oklahoma City,240,88,95,1,1
21700644,Miami,Chicago,240,111,119,B2B,1
21700645,LA Lakers,Memphis,240,114,123,1,2
21700646,Golden State,Cleveland,240,118,108,3IN4,2
21700647,Indiana,Utah,240,109,94,3IN4-B2B,2
21700648,Houston,LA Clippers,240,102,113,2,1
21700649,Minnesota,Orlando,240,102,108,1,3+
21700650,New Orleans,Boston,265,116,113,1,3+
21700651,Dallas,Denver,240,102,105,2,2
21700652,Phoenix,Portland,240,111,118,1,1
21700653,Washington,Charlotte,240,109,133,1,1
21700654,New Orleans,Atlanta,240,93,94,3IN4-B2B,1
21700655,San Antonio,Brooklyn,240,100,95,1,1
21700656,Detroit,Toronto,240,91,96,1,1
21700657,Golden State,Chicago,240,119,112,1,1
21700658,New York,Memphis,240,99,105,3IN4,1
21700659,Miami,Milwaukee,240,106,101,3IN4,3IN4
21700660,LA Lakers,Oklahoma City,240,90,114,1,1
21700661,Utah,Sacramento,240,120,105,1,1
21700662,Denver,LA Clippers,240,104,109,B2B,1
21700663,Philadelphia,Boston,240,89,80,2,1
21700664,Orlando,Cleveland,240,103,104,1,2
21700665,Minnesota,Houston,240,98,116,1,2
21700666,Indiana,Portland,240,86,100,2,1
21700667,San Antonio,Toronto,240,83,86,1,1
21700668,Miami,Brooklyn,240,95,101,1,1
21700669,Washington,Detroit,240,122,112,1,1
21700670,Sacramento,Memphis,240,88,106,1,1
21700671,Phoenix,Denver,240,108,100,2,3IN4
21700672,New York,Utah,240,117,115,1,1
21700673,Indiana,LA Lakers,240,86,99,B2B,1
21700674,Oklahoma City,Cleveland,240,148,124,2,1
21700675,Chicago,Atlanta,240,113,97,2,2
21700676,Miami,Charlotte,240,106,105,3IN4-B2B,2
21700677,Memphis,New Orleans,240,104,111,3IN4-B2B,2
21700678,Milwaukee,Philadelphia,240,94,116,2,1
21700679,Golden State,Houston,240,108,116,2,1
21700680,Toronto,Minnesota,240,109,115,3IN4-B2B,1
21700681,LA Clippers,Utah,240,113,125,2,3IN4-B2B
21700682,Dallas,Portland,240,108,117,3+,1
21700683,Orlando,Boston,240,103,95,2,2
21700684,New York,LA Lakers,240,107,127,1,1
21700685,Brooklyn,Detroit,240,101,100,1,1
21700686,Indiana,San Antonio,240,94,86,3IN4,1
21700687,Sacramento,Charlotte,240,107,112,2,1
21700688,Utah,Atlanta,240,90,104,3IN4,1
21700689,Miami,Houston,240,90,99,3IN4,1
21700690,Philadelphia,Memphis,240,101,105,1,3IN4
21700691,Phoenix,Milwaukee,240,105,109,2,1
21700692,Chicago,New Orleans,290,128,132,1,1
21700693,Washington,Dallas,240,75,98,2,1
21700694,Portland,Denver,240,101,104,1,2
21700695,Minnesota,LA Clippers,240,126,118,1,1
21700696,Sacramento,Orlando,240,105,99,B2B,1
21700697,Brooklyn,Oklahoma City,240,108,109,1,2
21700698,Cleveland,San Antonio,240,102,114,2,1
21700699,New York,Golden State,240,112,123,1,2
21700700,Boston,LA Lakers,240,107,108,1,1
21700701,New Orleans,Charlotte,240,101,96,1,1
21700702,Utah,Detroit,265,98,95,1,2
21700703,Phoenix,Indiana,240,101,116,1,2
21700704,Chicago,Philadelphia,240,101,115,1,1
21700705,Toronto,Atlanta,240,108,93,3+,1
21700706,Houston,Dallas,240,104,97,1,1
21700707,San Antonio,Memphis,240,108,85,3IN4-B2B,1
21700708,Minnesota,Portland,240,114,123,1,1
21700709,Boston,LA Clippers,240,113,102,3IN4-B2B,1
21700710,Sacramento,Miami,240,89,88,3IN4,2
21700711,Washington,Oklahoma City,240,112,121,2,1
21700712,New York,Denver,240,118,130,1,2
21700713,Minnesota,Golden State,240,113,126,3IN4-B2B,1
21700714,Atlanta,Charlotte,240,110,121,1,1
21700715,Indiana,Cleveland,240,108,115,1,2
21700716,Utah,Toronto,240,97,93,1,1
21700717,LA Lakers,Chicago,240,108,103,2,1
21700718,LA Clippers,Memphis,240,109,100,1,1
21700719,Brooklyn,Milwaukee,240,91,116,2,3+
21700720,Houston,New Orleans,240,113,115,1,1
21700721,Portland,Dallas,240,107,93,1,1
21700722,Philadelphia,San Antonio,240,97,78,1,3IN4
21700723,New York,Phoenix,240,107,85,3IN4-B2B,1
21700724,Oklahoma City,Detroit,240,121,108,1,2
21700725,Orlando,Indiana,240,112,114,3+,3IN4-B2B
21700726,Washington,Atlanta,240,129,104,1,3IN4-B2B
21700727,Charlotte,Miami,240,91,95,3IN4-B2B,1
21700728,Boston,Golden State,240,105,109,2,1
21700729,Brooklyn,Minnesota,240,97,111,B2B,3IN4
21700730,Dallas,Denver,240,89,91,3IN4-B2B,1
21700731,Milwaukee,Chicago,240,110,96,1,1
21700732,Phoenix,Houston,240,102,113,1,1
21700733,LA Clippers,New Orleans,240,112,103,1,1
21700734,Detroit,Cleveland,240,104,121,B2B,1
21700735,LA Lakers,Toronto,240,111,123,1,1
21700736,Philadelphia,Oklahoma City,240,112,122,1,3IN4-B2B
21700737,Sacramento,San Antonio,240,98,113,2,1
21700738,Charlotte,Indiana,240,96,105,3IN4,3IN4
21700739,Minnesota,Atlanta,240,100,105,1,3IN4
21700740,Phoenix,Memphis,240,109,120,3IN4-B2B,2
21700741,Philadelphia,Milwaukee,240,95,107,3IN4-B2B,3IN4-B2B
21700742,Miami,Dallas,240,95,88,1,3IN4
21700743,Boston,Denver,240,111,110,1,1
21700744,Oklahoma City,Washington,240,96,102,3IN4,2
21700745,Brooklyn,New York,240,95,111,2,3+
21700746,Minnesota,Toronto,240,104,109,3IN4-B2B,1
21700747,Cleveland,Detroit,240,114,125,1,3IN4
21700748,Orlando,Houston,240,107,114,2,1
21700749,Sacramento,New Orleans,240,114,103,1,1
21700750,Denver,San Antonio,240,104,106,3IN4-B2B,1
21700751,Golden State,Utah,240,99,129,2,3+
21700752,Portland,LA Clippers,240,104,96,3+,1
21700753,Memphis,Indiana,240,101,105,1,1
21700754,LA Lakers,Orlando,240,105,127,2,B2B
21700755,Charlotte,Atlanta,240,123,110,1,1
21700756,Philadelphia,Brooklyn,240,108,116,3IN4,B2B
21700757,Miami,Cleveland,240,89,91,1,3IN4-B2B
21700758,New York,Boston,240,73,103,B2B,1
21700759,Chicago,Portland,240,108,124,2,B2B
21700760,Dallas,Phoenix,240,88,102,1,3IN4
21700761,Memphis,Detroit,240,102,104,3IN4-B2B,1
21700762,Toronto,Washington,240,119,122,1,1
21700763,Milwaukee,Minnesota,240,89,108,2,3IN4
21700764,Houston,San Antonio,240,102,91,1,1
21700765,Oklahoma City,Denver,240,124,127,1,3IN4
21700766,Indiana,Charlotte,240,126,133,1,1
21700767,Atlanta,Boston,240,110,119,1,1
21700768,LA Lakers,Brooklyn,240,102,99,1,3IN4
21700769,Portland,Toronto,240,105,130,3IN4,3IN4-B2B
21700770,Miami,Philadelphia,240,97,103,1,1
21700771,New York,Milwaukee,240,90,92,3IN4,B2B
21700772,New Orleans,Oklahoma City,240,114,100,2,3IN4-B2B
21700773,Utah,Phoenix,240,129,97,2,1
21700774,Golden State,Sacramento,240,119,104,2,2
21700775,Chicago,LA Clippers,240,103,113,2,3+
21700776,Miami,Detroit,240,107,111,3IN4-B2B,1
21700777,Philadelphia,Indiana,240,92,100,3IN4-B2B,3IN4-B2B
21700778,Washington,Orlando,240,115,98,1,2
21700779,Houston,Cleveland,240,120,88,1,2
21700780,New Orleans,Minnesota,240,107,118,B2B,1
21700781,Utah,San Antonio,240,120,111,B2B,1
21700782,Golden State,Denver,240,108,115,B2B,1
21700783,Dallas,Sacramento,240,106,99,2,B2B
21700784,Portland,Boston,240,96,97,1,1
21700785,Milwaukee,Brooklyn,240,109,94,3IN4,1
21700786,Atlanta,New York,240,99,96,1,1
21700787,Memphis,Toronto,240,86,101,2,3IN4
21700788,LA Lakers,Oklahoma City,240,108,104,1,3IN4
21700789,Charlotte,Phoenix,240,115,110,1,1
21700790,Portland,Detroit,240,91,111,3IN4-B2B,1
21700791,Washington,Indiana,240,111,102,1,3IN4
21700792,Orlando,Miami,240,111,109,1,3IN4
21700793,Utah,New Orleans,240,133,109,3IN4,3IN4
21700794,Charlotte,Denver,240,104,121,3IN4-B2B,1
21700795,Chicago,Sacramento,240,98,104,1,3IN4
21700796,Dallas,LA Clippers,240,101,104,1,1
21700797,Cleveland,Orlando,240,98,116,2,3IN4-B2B
21700798,Boston,Toronto,240,91,111,1,1
21700799,Memphis,Atlanta,240,82,108,1,1
21700800,Houston,Brooklyn,240,123,113,2,1
21700801,Milwaukee,New York,240,103,89,1,1
21700802,Washington,Philadelphia,240,102,115,3IN4-B2B,2
21700803,Oklahoma City,Golden State,240,125,105,1,2
21700804,Phoenix,LA Lakers,240,93,112,1,1
21700805,Brooklyn,Detroit,240,106,115,3IN4-B2B,1
21700806,Houston,Miami,240,109,101,B2B,1
21700807,Minnesota,Cleveland,265,138,140,3+,B2B
21700808,Utah,Memphis,240,92,88,1,3IN4-B2B
21700810,San Antonio,Phoenix,240,129,81,3+,3IN4-B2B
21700811,Atlanta,Orlando,240,98,100,1,3IN4
21700812,New York,Toronto,240,88,113,1,1
21700813,Boston,Washington,265,110,104,1,3IN4
21700814,Charlotte,Portland,265,103,109,2,2
21700815,Dallas,Golden State,240,103,121,2,1
21700816,Oklahoma City,LA Lakers,240,81,106,1,1
21700817,LA Clippers,Detroit,240,108,95,3+,1
21700818,New Orleans,Philadelphia,240,82,100,3+,2
21700819,Cleveland,Atlanta,240,123,107,3IN4,3IN4-B2B
21700820,Indiana,Boston,240,97,91,3+,3IN4-B2B
21700821,Milwaukee,Miami,240,85,91,2,1
21700822,Minnesota,Chicago,240,113,114,1,3+
21700823,Denver,Houston,240,104,130,3+,3IN4
21700824,Charlotte,Utah,240,94,106,B2B,1
21700825,Portland,Sacramento,240,118,100,B2B,3+
21700826,New Orleans,Brooklyn,290,138,128,B2B,2
21700827,Milwaukee,Orlando,240,111,104,B2B,1
21700828,LA Clippers,Philadelphia,240,98,112,B2B,B2B
21700829,Washington,Chicago,240,101,90,1,B2B
21700830,LA Lakers,Dallas,240,123,130,1,1
21700831,San Antonio,Golden State,240,105,122,2,1
21700832,Denver,Phoenix,240,123,113,B2B,2
21700833,Toronto,Charlotte,240,123,103,2,3IN4
21700834,Detroit,Atlanta,240,115,118,1,3IN4
21700835,Cleveland,Boston,240,121,99,1,3IN4
21700836,New York,Indiana,240,113,121,2,1
21700837,Dallas,Houston,240,97,104,3IN4-B2B,1
21700838,Sacramento,Minnesota,240,106,111,1,1
21700839,Memphis,Oklahoma City,240,92,110,3+,2
21700840,Utah,Portland,240,115,96,1,3IN4
21700841,New Orleans,Detroit,240,118,103,3IN4,3IN4-B2B
21700842,New York,Philadelphia,240,92,108,B2B,3IN4
21700843,LA Clippers,Brooklyn,240,114,101,3IN4,1
21700844,Orlando,Chicago,240,101,105,1,3IN4
21700845,San Antonio,Utah,240,99,101,1,3IN4-B2B
21700846,Phoenix,Golden State,240,83,129,1,1
21700847,Miami,Toronto,240,112,115,3+,1
21700848,Atlanta,Milwaukee,240,92,97,1,2
21700849,Houston,Minnesota,240,126,108,1,1
21700850,Cleveland,Oklahoma City,240,120,112,1,1
21700851,Sacramento,Dallas,240,114,109,1,3IN4
21700852,San Antonio,Denver,240,109,117,3IN4-B2B,2
21700853,Atlanta,Detroit,240,98,104,3IN4-B2B,3IN4
21700854,Charlotte,Orlando,240,104,102,2,1
21700855,Miami,Philadelphia,240,102,104,B2B,1
21700856,Indiana,Brooklyn,240,108,103,2,1
21700857,Washington,New York,240,118,113,3+,3IN4
21700858,LA Clippers,Boston,240,129,119,1,2
21700859,Toronto,Chicago,240,122,98,3IN4-B2B,1
21700860,Sacramento,Houston,240,91,100,3IN4-B2B,3IN4-B2B
21700861,Oklahoma City,Memphis,240,121,114,3IN4-B2B,2
21700862,LA Lakers,New Orleans,240,117,139,3+,1
21700863,Phoenix,Utah,240,97,107,1,3IN4
21700864,Golden State,Portland,240,117,123,1,2
21700865,Denver,Milwaukee,240,134,123,1,1
21700866,LA Lakers,Minnesota,240,111,119,B2B,1
21700867,Brooklyn,Charlotte,240,96,111,3+,3+
21700868,New York,Orlando,240,120,113,3+,3+
21700869,Washington,Cleveland,240,110,103,3+,3+
21700870,Philadelphia,Chicago,240,116,115,3+,3+
21700871,Oklahoma City,Sacramento,240,110,107,3+,3+
21700872,LA Clippers,Golden State,240,127,134,3+,3+
21700873,Boston,Detroit,240,110,98,3+,3+
21700874,Atlanta,Indiana,240,93,116,3+,3+
21700875,Charlotte,Washington,240,122,105,B2B,B2B
21700876,Milwaukee,Toronto,265,122,119,3+,3+
21700877,Minnesota,Houston,240,102,120,3+,3+
21700878,Cleveland,Memphis,240,112,89,B2B,3+
21700879,Miami,New Orleans,265,123,124,3+,3+
21700880,San Antonio,Denver,240,119,122,3+,3+
21700881,LA Clippers,Phoenix,240,128,117,B2B,3+
21700882,Portland,Utah,240,100,81,3+,3+
21700883,Dallas,LA Lakers,240,102,124,3+,3+
21700884,Orlando,Philadelphia,240,105,116,1,1
21700885,Memphis,Miami,240,89,115,B2B,B2B
21700886,Boston,New York,240,121,112,B2B,1
21700887,Oklahoma City,Golden State,240,80,112,1,1
21700888,Chicago,Minnesota,240,104,122,1,B2B
21700889,Portland,Phoenix,240,106,104,B2B,B2B
21700890,Dallas,Utah,240,90,97,B2B,B2B
21700891,LA Lakers,Sacramento,240,113,108,B2B,1
21700892,Detroit,Charlotte,240,98,114,1,3IN4
21700893,New Orleans,Milwaukee,265,123,121,1,1
21700894,San Antonio,Cleveland,240,110,94,1,3IN4
21700895,Philadelphia,Washington,240,94,109,3IN4-B2B,3IN4
21700896,Houston,Denver,240,119,114,1,1
21700897,LA Lakers,Atlanta,240,123,104,3IN4,2
21700898,Memphis,Boston,240,98,109,3IN4,3IN4
21700899,Chicago,Brooklyn,240,87,104,1,3+
21700900,Golden State,New York,240,125,111,1,1
21700901,Detroit,Toronto,240,94,123,3IN4-B2B,2
21700902,Phoenix,New Orleans,240,116,125,3IN4,3IN4-B2B
21700903,Orlando,Oklahoma City,240,105,112,1,1
21700904,Indiana,Dallas,240,103,109,2,3IN4
21700905,Houston,Utah,240,96,85,3IN4-B2B,3IN4
21700906,Minnesota,Sacramento,240,118,100,3IN4,1
21700907,Chicago,Charlotte,240,103,118,3IN4-B2B,1
21700908,Brooklyn,Cleveland,240,123,129,B2B,1
21700909,Philadelphia,Miami,240,101,102,3IN4,2
21700910,Washington,Milwaukee,240,107,104,1,1
21700911,Sacramento,Portland,240,99,116,3IN4-B2B,2
21700912,LA Clippers,Denver,240,122,120,3+,1
21700913,Milwaukee,Detroit,240,87,110,3IN4-B2B,3IN4
21700914,Toronto,Orlando,240,117,104,1,1
21700915,Indiana,Atlanta,240,102,107,1,1
21700916,Charlotte,Boston,240,106,134,3IN4-B2B,1
21700917,Golden State,Washington,240,109,101,1,3IN4-B2B
21700918,Phoenix,Memphis,240,110,102,1,1
21700919,Oklahoma City,Dallas,265,111,110,1,1
21700920,New Orleans,San Antonio,240,121,116,3IN4,2
21700921,Houston,LA Clippers,240,105,92,3IN4,B2B
21700922,LA Lakers,Miami,240,131,113,2,1
21700923,Philadelphia,Cleveland,240,108,97,1,1
21700924,Brooklyn,Sacramento,265,111,116,3IN4,3IN4
21700925,Minnesota,Portland,240,99,108,2,1
21700926,Detroit,Orlando,265,106,115,1,1
21700927,Charlotte,Philadelphia,240,99,110,3IN4,3IN4-B2B
21700928,Golden State,Atlanta,240,114,109,1,1
21700929,Toronto,Washington,240,102,95,1,3IN4
21700930,Dallas,Chicago,240,100,108,1,2
21700931,Denver,Memphis,240,108,102,2,1
21700932,Indiana,Milwaukee,240,103,96,1,3IN4
21700933,Oklahoma City,Phoenix,240,124,116,1,1
21700934,Minnesota,Utah,240,108,116,B2B,3+
21700935,New York,LA Clippers,240,105,128,3+,3IN4
21700936,Memphis,Orlando,240,100,107,3IN4-B2B,3IN4-B2B
21700937,Denver,Cleveland,240,126,117,B2B,1
21700938,Detroit,Miami,240,96,105,3IN4-B2B,1
21700939,Boston,Houston,240,120,123,2,2
21700940,LA Lakers,San Antonio,240,116,112,1,2
21700941,Oklahoma City,Portland,240,100,108,3IN4-B2B,1
21700942,Utah,Sacramento,240,98,91,B2B,1
21700943,Phoenix,Atlanta,240,112,113,1,1
21700944,Charlotte,Toronto,240,98,103,1,1
21700945,Indiana,Washington,240,98,95,1,1
21700946,New Orleans,Dallas,240,126,109,3+,1
21700947,Philadelphia,Milwaukee,240,110,118,3IN4,1
21700948,Brooklyn,LA Clippers,240,120,123,2,1
21700949,New York,Sacramento,240,99,102,1,3IN4-B2B
21700950,Detroit,Cleveland,240,90,112,3IN4,1
21700951,Milwaukee,Indiana,240,89,92,3IN4-B2B,3IN4-B2B
21700952,Phoenix,Miami,240,103,125,3IN4-B2B,1
21700953,Boston,Chicago,240,105,89,1,2
21700954,Memphis,San Antonio,240,98,100,3IN4,1
21700955,Orlando,Utah,240,80,94,3IN4,3IN4
21700956,Portland,LA Lakers,240,108,103,1,1
21700957,Philadelphia,Charlotte,240,128,114,1,1
21700958,Atlanta,Toronto,240,90,106,1,1
21700959,Miami,Washington,265,113,117,3IN4-B2B,1
21700960,Houston,Oklahoma City,240,122,112,2,2
21700961,Denver,Dallas,240,107,118,2,1
21700962,New York,Portland,240,87,111,1,3IN4-B2B
21700963,Brooklyn,Golden State,240,101,114,1,3+
21700964,New Orleans,LA Clippers,240,121,116,1,1
21700965,Utah,Indiana,240,104,84,1,3IN4
21700966,Toronto,Detroit,265,121,119,3IN4-B2B,1
21700967,Memphis,Chicago,240,110,119,1,1
21700968,Houston,Milwaukee,240,110,99,B2B,3IN4
21700969,New Orleans,Sacramento,240,114,101,3IN4-B2B,2
21700970,Cleveland,Denver,240,113,108,1,B2B
21700971,Orlando,LA Lakers,240,107,108,1,1
21700972,Brooklyn,Charlotte,240,125,111,1,1
21700973,Philadelphia,Miami,240,99,108,1,3IN4
21700974,Boston,Minnesota,240,117,109,2,3+
21700975,Phoenix,Oklahoma City,240,87,115,2,1
21700976,San Antonio,Golden State,240,107,110,2,1
21700977,Chicago,Detroit,240,83,99,1,1
21700978,Atlanta,Indiana,240,87,112,2,1
21700979,Houston,Toronto,240,105,108,3IN4,3IN4
21700980,Utah,Memphis,240,95,78,1,1
21700981,New York,Milwaukee,240,112,120,2,1
21700982,Washington,New Orleans,240,116,97,2,3IN4
21700983,LA Lakers,Denver,240,116,125,1,3IN4
21700984,Golden State,Portland,240,108,125,3IN4-B2B,2
21700985,Orlando,Sacramento,240,88,94,1,1
21700986,Cleveland,LA Clippers,240,102,116,1,2
21700987,Phoenix,Charlotte,240,115,122,1,1
21700988,Washington,Miami,240,102,129,B2B,1
21700989,Memphis,Dallas,240,80,114,3IN4-B2B,3+
21700990,San Antonio,Oklahoma City,240,94,104,1,1
21700991,Orlando,LA Clippers,240,105,113,3IN4-B2B,B2B
21700992,Toronto,New York,240,132,106,1,1
21700993,Chicago,Atlanta,240,129,122,1,1
21700994,Golden State,Minnesota,240,103,109,3IN4,2
21700995,Utah,New Orleans,240,116,99,1,1
21700996,Sacramento,Denver,240,104,130,1,1
21700997,Houston,Dallas,240,105,82,1,B2B
21700998,Indiana,Boston,240,99,97,1,2
21700999,Philadelphia,Brooklyn,240,120,97,2,2
21701000,Cleveland,LA Lakers,240,113,127,1,1
21701001,San Antonio,Houston,240,93,109,1,3IN4-B2B
21701002,Milwaukee,Memphis,240,121,103,2,3IN4
21701003,Sacramento,Oklahoma City,240,101,106,3IN4-B2B,1
21701004,Miami,Portland,240,99,115,1,2
21701005,Indiana,Philadelphia,240,101,98,1,1
21701006,Minnesota,Washington,240,116,111,1,2
21701007,Oklahoma City,Atlanta,240,119,107,3IN4-B2B,1
21701008,Toronto,Brooklyn,240,116,102,1,1
21701009,Dallas,New York,240,110,97,3IN4,1
21701010,LA Clippers,Chicago,240,112,106,2,1
21701011,Charlotte,New Orleans,240,115,119,2,1
21701012,Orlando,San Antonio,240,72,108,2,3IN4-B2B
21701013,Detroit,Utah,240,79,110,3+,1
21701014,Cleveland,Phoenix,240,129,107,1,2
21701015,Denver,LA Lakers,240,103,112,1,1
21701016,Milwaukee,Orlando,240,117,126,1,B2B
21701017,Washington,Boston,290,125,124,B2B,2
21701018,Miami,Sacramento,265,119,123,1,3IN4
21701019,LA Lakers,Golden State,240,106,117,3IN4-B2B,2
21701020,Toronto,Indiana,240,106,99,1,1
21701021,Charlotte,Atlanta,240,129,117,1,1
21701022,Philadelphia,New York,240,118,110,1,1
21701023,LA Clippers,Houston,240,96,101,1,2
21701024,Chicago,Memphis,240,111,110,1,2
21701025,New Orleans,San Antonio,240,93,98,1,3IN4
21701026,Detroit,Denver,240,113,120,1,1
21701027,Phoenix,Utah,240,88,116,1,1
21701028,Cleveland,Portland,240,105,113,1,2
21701029,Boston,Orlando,240,92,83,1,3IN4
21701030,Brooklyn,Philadelphia,240,116,120,2,3IN4-B2B
21701031,Dallas,Toronto,265,115,122,2,3IN4-B2B
21701032,LA Clippers,Oklahoma City,240,113,121,3IN4-B2B,2
21701033,Sacramento,Golden State,240,98,93,1,1
21701034,Miami,LA Lakers,240,92,91,1,3IN4
21701035,Indiana,Washington,240,102,109,1,2
21701036,Houston,New Orleans,240,107,101,1,1
21701037,Dallas,Brooklyn,240,106,114,B2B,B2B
21701038,Charlotte,New York,240,101,124,1,1
21701039,Cleveland,Chicago,240,114,109,1,1
21701040,Denver,Memphis,240,94,101,1,1
21701041,Atlanta,Milwaukee,240,117,122,1,2
21701042,Minnesota,San Antonio,240,101,117,3+,1
21701043,Sacramento,Utah,240,97,103,3IN4-B2B,1
21701044,Golden State,Phoenix,240,124,109,3IN4-B2B,1
21701045,Detroit,Portland,240,87,100,1,1
21701046,Oklahoma City,Toronto,240,132,125,1,3IN4
21701047,Boston,New Orleans,240,89,108,1,3IN4-B2B
21701048,Houston,Minnesota,240,129,120,3IN4-B2B,B2B
21701049,Portland,LA Clippers,240,122,109,3IN4-B2B,3IN4
21701050,Milwaukee,Cleveland,240,117,124,1,1
21701051,LA Lakers,Indiana,240,100,110,2,1
21701052,Charlotte,Philadelphia,240,94,108,1,2
21701053,Memphis,Brooklyn,240,115,118,1,3IN4
21701054,Denver,Miami,290,141,149,1,2
21701055,Chicago,New York,240,92,110,1,1
21701056,Golden State,San Antonio,240,75,89,3IN4,1
21701057,Detroit,Sacramento,240,106,90,1,3IN4
21701058,Toronto,Orlando,240,93,86,1,3+
21701059,Oklahoma City,Boston,240,99,100,1,1
21701060,LA Clippers,Minnesota,240,109,123,1,3IN4
21701061,Dallas,New Orleans,240,105,115,2,3IN4
21701062,Atlanta,Utah,240,99,94,2,2
21701063,Detroit,Phoenix,240,115,88,3IN4-B2B,2
21701064,Houston,Portland,240,115,111,3IN4,3IN4
21700809,Indiana,New Orleans,240,92,96,1,4IN5-B2B
21701065,Toronto,Cleveland,240,129,132,3IN4-B2B,1
21701066,Memphis,Philadelphia,240,105,119,1,1
21701067,Charlotte,Brooklyn,240,111,105,1,1
21701068,New York,Miami,240,98,119,1,1
21701069,Denver,Chicago,240,135,102,1,1
21701070,LA Clippers,Milwaukee,240,127,120,3IN4-B2B,1
21701071,Washington,San Antonio,240,90,98,3+,1
21701072,Memphis,Charlotte,240,79,140,3IN4-B2B,3IN4-B2B
21701073,Philadelphia,Orlando,240,118,98,3IN4-B2B,1
21701074,Detroit,Houston,265,96,100,3IN4,1
21701075,LA Lakers,New Orleans,240,125,128,2,5IN6-B2B2B
21701076,Utah,Dallas,240,119,112,1,1
21701077,Atlanta,Sacramento,240,90,105,1,2
21701078,LA Clippers,Indiana,240,104,109,3IN4,1
21701079,Denver,Washington,240,108,100,1,1
21701080,Phoenix,Cleveland,240,95,120,2,1
21701081,Minnesota,New York,240,108,104,2,1
21701082,Brooklyn,Toronto,240,112,116,1,3IN4
21701083,Milwaukee,Chicago,240,118,105,1,1
21701084,Miami,Oklahoma City,240,99,105,1,2
21701085,Utah,San Antonio,265,120,124,3IN4-B2B,1
21701086,Boston,Portland,240,105,100,2,2
21701087,Atlanta,Golden State,240,94,106,3IN4-B2B,3+
21701088,Minnesota,Philadelphia,240,108,120,B2B,3IN4
21701089,Chicago,Detroit,240,95,117,3IN4-B2B,1
21701090,Phoenix,Orlando,240,99,105,B2B,1
21701091,New Orleans,Houston,240,91,114,4IN5,1
21701092,LA Lakers,Memphis,240,100,93,1,3IN4
21701093,Charlotte,Dallas,240,102,98,3IN4,1
21701094,Cleveland,Brooklyn,240,121,114,1,1
21701095,San Antonio,Milwaukee,240,103,106,1,1
21701096,Miami,Indiana,265,107,113,1,1
21701097,LA Clippers,Toronto,240,117,106,1,1
21701098,New York,Washington,240,101,97,1,1
21701099,Boston,Sacramento,240,104,93,1,2
21701100,Portland,Oklahoma City,240,108,105,1,1
21701101,Atlanta,Houston,240,99,118,3IN4,3IN4-B2B
21701102,Utah,Golden State,240,110,91,3IN4,1
21701103,New York,Charlotte,265,128,137,3IN4-B2B,1
21701104,LA Lakers,Detroit,240,106,112,1,1
21701105,Denver,Philadelphia,240,104,123,2,1
21701106,Memphis,Minnesota,240,101,93,1,3IN4
21701107,Boston,Phoenix,240,102,94,3IN4-B2B,3IN4
21701108,San Antonio,Washington,240,106,116,1,1
21701109,Denver,Toronto,240,110,114,B2B,1
21701110,Cleveland,Miami,240,79,98,1,1
21701111,Chicago,Houston,240,86,118,2,3IN4
21701112,Portland,New Orleans,240,107,103,1,2
21701113,Dallas,Sacramento,240,103,97,2,1
21701114,Indiana,Golden State,240,92,81,1,1
21701115,Milwaukee,LA Clippers,240,98,105,1,1
21701116,Cleveland,Charlotte,240,118,105,3IN4-B2B,1
21701117,Brooklyn,Orlando,240,111,104,2,3+
21701118,New York,Philadelphia,240,101,118,3IN4,1
21701119,Portland,Memphis,240,103,108,3IN4-B2B,1
21701120,Atlanta,Minnesota,240,114,126,2,1
21701121,Boston,Utah,240,97,94,3IN4,2
21701122,LA Clippers,Phoenix,240,111,99,3IN4-B2B,1
21701123,Dallas,LA Lakers,240,93,103,B2B,1
21701124,Washington,Detroit,240,92,103,1,2
21701125,Chicago,Miami,240,92,103,1,1
21701126,Oklahoma City,San Antonio,240,99,103,3+,1
21701127,Indiana,Sacramento,240,106,103,1,1
21701128,Milwaukee,Golden State,240,116,107,1,1
21701129,Chicago,Orlando,240,90,82,3IN4-B2B,1
21701130,Philadelphia,Atlanta,240,101,91,1,1
21701131,New Orleans,Cleveland,240,102,107,2,3IN4
21701132,Phoenix,Houston,240,103,104,1,2
21701133,Denver,Oklahoma City,265,126,125,2,B2B
21701134,Minnesota,Dallas,240,93,92,1,3IN4
21701135,Memphis,Utah,240,97,107,1,1
21701136,Milwaukee,LA Lakers,265,124,122,3IN4-B2B,1
21701137,LA Clippers,Portland,240,96,105,3IN4,3IN4
21701138,Charlotte,Washington,240,93,107,2,1
21701139,Detroit,New York,240,115,109,1,2
21701140,Toronto,Boston,240,99,110,3+,2
21701141,Brooklyn,Miami,265,110,109,2,1
21701142,Golden State,Sacramento,240,112,96,1,1
21701143,Philadelphia,Charlotte,240,119,102,1,B2B
21701144,Washington,Chicago,240,94,113,3IN4-B2B,3IN4
21701145,Houston,San Antonio,240,83,100,1,2
21701146,Indiana,LA Clippers,240,111,104,2,1
21701147,Orlando,Atlanta,240,88,94,1,1
21701148,Detroit,Brooklyn,240,108,96,3IN4-B2B,B2B
21701149,Dallas,Cleveland,240,87,98,1,1
21701150,Oklahoma City,New Orleans,240,109,104,3IN4,1
21701151,Utah,Minnesota,240,121,97,1,1
21701152,Milwaukee,Denver,265,125,128,3IN4,1
21701153,Phoenix,Golden State,240,107,117,1,3IN4-B2B
21701154,Memphis,Portland,240,98,113,1,1
21701155,Sacramento,LA Lakers,240,84,83,3IN4-B2B,1
21701156,Toronto,Cleveland,240,106,112,2,1
21701157,Brooklyn,Philadelphia,240,95,121,3IN4,1
21701158,Atlanta,Miami,240,98,101,1,2
21701159,Orlando,New York,240,97,73,1,2
21701160,Charlotte,Chicago,240,114,120,3IN4,1
21701161,Washington,Houston,240,104,120,3IN4,1
21701162,Boston,Milwaukee,240,102,106,2,1
21701163,Golden State,Oklahoma City,240,111,107,3IN4,1
21701164,Portland,Dallas,240,109,115,1,1
21701165,Indiana,Denver,240,104,107,1,1
21701166,LA Lakers,Utah,240,110,117,1,1
21701167,Sacramento,Phoenix,240,94,97,3IN4,1
21701168,San Antonio,LA Clippers,240,110,113,1,1
21701169,Philadelphia,Detroit,240,115,108,3IN4-B2B,2
21701170,Dallas,Orlando,240,100,105,3IN4-B2B,3IN4-B2B
21701171,Boston,Toronto,240,78,96,B2B,B2B
21701172,Miami,Atlanta,240,115,86,B2B,3IN4-B2B
21701173,Memphis,New Orleans,240,95,123,2,2
21701174,San Antonio,LA Lakers,265,112,122,3IN4-B2B,3IN4-B2B
21701175,Golden State,Indiana,240,106,126,1,1
21701176,Washington,Cleveland,240,115,119,1,1
21701177,Portland,Houston,240,94,96,1,1
21701178,Brooklyn,Milwaukee,240,119,111,1,1
21701179,LA Clippers,Utah,240,95,117,1,1
21701180,Minnesota,Denver,240,96,100,3+,1
21701181,Dallas,Detroit,265,106,113,3IN4,1
21701182,Charlotte,Orlando,240,137,100,2,3IN4
21701183,Cleveland,Philadelphia,240,130,132,3IN4-B2B,3IN4
21701184,Atlanta,Washington,240,103,97,3IN4,3IN4-B2B
21701185,Chicago,Boston,240,104,111,2,3IN4
21701186,Miami,New York,240,98,122,3IN4,2
21701187,Indiana,Toronto,240,73,92,3IN4-B2B,3IN4
21701188,Sacramento,Memphis,240,94,93,2,1
21701189,New Orleans,Phoenix,240,122,103,1,2
21701190,Minnesota,LA Lakers,240,113,96,B2B,3IN4
21701191,Denver,LA Clippers,240,134,115,1,1
21701192,Milwaukee,New York,240,115,102,1,B2B
21701193,Brooklyn,Chicago,240,124,96,1,B2B
21701194,Oklahoma City,Houston,240,108,102,3+,1
21701195,New Orleans,Golden State,240,126,120,3IN4-B2B,1
21701196,Portland,San Antonio,240,105,116,1,2
21701197,Indiana,Charlotte,240,123,117,3IN4,1
21701198,Dallas,Philadelphia,240,97,109,1,1
21701199,Detroit,Memphis,240,117,130,1,1
21701200,Orlando,Toronto,240,101,112,1,1
21701201,Utah,LA Lakers,240,112,97,2,1
21701202,Atlanta,Boston,240,112,106,1,1
21701203,Golden State,Phoenix,240,117,100,3IN4-B2B,1
21701204,Toronto,Detroit,240,108,98,3IN4-B2B,3IN4-B2B
21701205,Chicago,Brooklyn,240,105,114,3IN4,1
21701206,Oklahoma City,Miami,240,115,93,1,2
21701207,Cleveland,New York,240,123,109,2,3IN4
21701208,Orlando,Milwaukee,240,86,102,3IN4-B2B,1
21701209,Memphis,Minnesota,240,94,113,3IN4-B2B,2
21701210,Sacramento,San Antonio,240,85,98,2,1
21701211,Portland,Denver,240,82,88,1,1
21701212,New Orleans,LA Clippers,240,113,100,3IN4,1
21701213,Charlotte,Indiana,240,119,93,1,1
21701214,Philadelphia,Atlanta,240,121,113,1,1
21701215,Boston,Washington,240,101,113,1,3+
21701216,Phoenix,Dallas,240,124,97,1,1
21701217,Golden State,Utah,240,79,119,3IN4,1
21701218,Houston,LA Lakers,240,105,99,2,1
21701219,Brooklyn,Boston,240,97,110,1,3IN4-B2B
21701220,New York,Cleveland,240,110,98,1,1
21701221,Toronto,Miami,265,109,116,3IN4,1
21701222,Washington,Orlando,240,92,101,B2B,3IN4
21701223,Milwaukee,Philadelphia,240,95,130,1,3IN4-B2B
21701224,Detroit,Chicago,240,119,87,3IN4,1
21701225,Denver,Minnesota,265,106,112,1,1
21701226,San Antonio,New Orleans,240,98,122,1,1
21701227,Memphis,Oklahoma City,240,123,137,3IN4,1
21701228,LA Lakers,LA Clippers,240,115,100,3IN4-B2B,1
21701229,Utah,Portland,240,93,102,3IN4-B2B,1
21701230,Houston,Sacramento,240,83,96,B2B,1
41700101,Washington,Toronto,240,106,114,2,2
41700121,Miami,Philadelphia,240,103,130,2,2
41700151,San Antonio,Golden State,240,92,113,2,3+
41700161,New Orleans,Portland,240,97,95,2,2
41700111,Milwaukee,Boston,265,107,113,3+,3+
41700131,Indiana,Cleveland,240,98,80,3+,3+
41700141,Minnesota,Houston,240,101,104,3+,3+
41700171,Utah,Oklahoma City,240,108,116,3+,3+
41700122,Miami,Philadelphia,240,113,103,1,1
41700152,San Antonio,Golden State,240,101,116,1,1
41700102,Washington,Toronto,240,119,130,2,2
41700112,Milwaukee,Boston,240,106,120,1,1
41700162,New Orleans,Portland,240,111,102,2,2
41700132,Indiana,Cleveland,240,97,100,2,2
41700142,Minnesota,Houston,240,82,102,2,2
41700172,Utah,Oklahoma City,240,102,95,2,2
41700123,Philadelphia,Miami,240,128,108,2,2
41700153,Golden State,San Antonio,240,110,97,2,2
41700163,Portland,New Orleans,240,102,119,1,1
41700103,Toronto,Washington,240,103,122,2,2
41700113,Boston,Milwaukee,240,92,116,2,2
41700133,Cleveland,Indiana,240,90,92,1,1
41700124,Philadelphia,Miami,240,106,102,1,1
41700143,Houston,Minnesota,240,105,121,2,2
41700164,Portland,New Orleans,240,123,131,1,1
41700173,Oklahoma City,Utah,240,102,115,2,2
41700104,Toronto,Washington,240,98,106,1,1
41700114,Boston,Milwaukee,240,102,104,1,1
41700134,Cleveland,Indiana,240,104,100,1,1
41700154,Golden State,San Antonio,240,90,103,2,2
41700144,Houston,Minnesota,240,119,100,1,1
41700174,Oklahoma City,Utah,240,96,113,1,1
41700115,Milwaukee,Boston,240,87,92,1,1
41700125,Miami,Philadelphia,240,91,104,2,2
41700155,San Antonio,Golden State,240,91,99,1,1
41700105,Washington,Toronto,240,98,108,2,2
41700135,Indiana,Cleveland,240,95,98,2,2
41700145,Minnesota,Houston,240,104,122,1,1
41700175,Utah,Oklahoma City,240,99,107,1,1
41700116,Boston,Milwaukee,240,86,97,1,1
41700106,Toronto,Washington,240,102,92,1,1
41700136,Cleveland,Indiana,240,87,121,1,1
41700176,Oklahoma City,Utah,240,91,96,1,1
41700117,Milwaukee,Boston,240,96,112,1,1
41700231,New Orleans,Golden State,240,101,123,3+,3+
41700137,Indiana,Cleveland,240,101,105,1,1
41700221,Utah,Houston,240,96,110,1,3+
41700211,Philadelphia,Boston,240,101,117,3+,1
41700201,Cleveland,Toronto,265,113,112,1,3+
41700232,New Orleans,Golden State,240,116,121,2,2
41700222,Utah,Houston,240,116,108,2,2
41700202,Cleveland,Toronto,240,128,110,1,1
41700212,Philadelphia,Boston,240,103,108,2,2
41700223,Houston,Utah,240,113,92,1,1
41700233,Golden State,New Orleans,240,100,119,2,2
41700203,Toronto,Cleveland,240,103,105,1,1
41700213,Boston,Philadelphia,265,101,98,1,1
41700224,Houston,Utah,240,100,87,1,1
41700234,Golden State,New Orleans,240,118,92,1,1
41700204,Toronto,Cleveland,240,93,128,1,1
41700214,Boston,Philadelphia,240,92,103,1,1
41700225,Utah,Houston,240,102,112,1,1
41700235,New Orleans,Golden State,240,104,113,1,1
41700215,Philadelphia,Boston,240,112,114,1,1
41700301,Cleveland,Boston,240,83,108,3+,3+
41700311,Golden State,Houston,240,119,106,3+,3+
41700302,Cleveland,Boston,240,94,107,1,1
41700312,Golden State,Houston,240,105,127,1,1
41700303,Boston,Cleveland,240,86,116,3+,3+
41700313,Houston,Golden State,240,85,126,3+,3+
41700304,Boston,Cleveland,240,102,111,1,1
41700314,Houston,Golden State,240,95,92,1,1
41700305,Cleveland,Boston,240,83,96,1,1
41700315,Golden State,Houston,240,94,98,1,1
41700306,Boston,Cleveland,240,99,109,1,1
41700316,Houston,Golden State,240,86,115,1,1
41700307,Cleveland,Boston,240,87,79,1,1
41700317,Golden State,Houston,240,101,92,1,1
41700401,Cleveland,Golden State,265,114,124,3+,2
41700402,Cleveland,Golden State,240,103,122,2,2
41700403,Golden State,Cleveland,240,110,102,2,2
41700404,Golden State,Cleveland,240,108,85,1,1